volume,dihedral,scissors_angle,p1-p2,p2-pro,p2-sensor,p1-sensor,p1-pro,sensor-pro
28.125,-5.176829013453022,57.44412408945186,10.312039317419323,10.503270217955349,12.363806391489696,9.420121126888237,12.716942523859585,10.752919594716492
28.125,-2.586570691986935,58.0746357546262,10.070677992855058,10.437020977097491,12.404460482331125,9.657288612691955,12.723839082757882,10.510630535318636
17.5,-2.0031716738292475,57.83045633778735,9.709374838361146,10.84986241781018,12.558496403937674,9.98466358108156,12.667516604006211,10.425764845858382
25.25,-4.790684160071603,57.36228030277653,9.945417144848989,10.518105306396526,12.10911787294308,9.371638562796342,12.758864688314867,10.340981721800846
23.75,-2.810779715289366,56.31211109967781,9.81193012461413,10.363561369466074,12.263581394122072,9.531932630662912,12.709739108736306,10.166071689114698
24.25,-5.446922837022901,57.64085565898972,10.063822038267428,10.623777512533744,12.134425826062254,9.26759910115466,12.83546452765155,10.25478001446265
18.625,-5.40059470400702,57.55499310953419,10.08125567831688,10.85294126697618,11.973941666406985,9.242177125694226,12.953012357429824,10.205341688261782
24.5,-4.72773640617418,57.50961501832169,10.056447262901484,10.382289395850568,11.948392218422306,9.259097767174127,12.78402876666724,10.269278439838928
20.875,-6.741605555384415,57.19811783023579,10.136987627258677,10.725610456084972,11.918836924363728,9.389217473100892,13.06818202887314,10.603246997736075
30.0,-6.057474432585515,56.90150005137204,10.25395251246834,10.31878275160811,12.048923892075264,9.459364337832422,12.875073706290348,10.342888759797832
29.375,-5.907634539625309,57.29288948999905,10.032358609907051,10.647096845978393,11.55073027176311,9.191872295469508,12.992899930160323,9.871618639468746
40.125,-5.162745256864288,56.82019732211337,10.11902863622864,10.521205501086014,11.790327753697309,9.394692105715276,13.229138765561508,10.416981415713416
20.75,-6.154826004940698,58.19883869770535,10.03962886810721,10.61336066902972,11.691899818196626,9.780383001276784,13.261318617080098,10.48982489048736
22.75,-7.274644060789134,58.20318381569823,10.05633957039659,10.377271524649816,11.882540894696422,9.76943645385192,12.80749535828765,10.183666497212949
19.625,-6.471507972713025,58.0220424343916,9.812017179334866,10.360193420154264,11.65730673888811,9.431505821174984,12.69171316139078,10.05809323189007
17.625,-6.577842931726671,58.12590848393632,10.164592886612922,10.498722658442029,11.850189984937154,9.315708105384344,12.811835301817258,10.24936322200453
23.5,-6.368799639531131,56.57416897450147,10.38000308109608,10.165868322425816,12.215871807621516,10.070691910753014,13.240201395343153,10.302760764962487
31.875,-6.595612913283476,57.65416626572496,10.263977410562635,10.68928593798699,11.879595257771816,9.796517778866944,13.465126093331747,10.325025676250826
24.375,-7.206889712996816,57.961543404722185,10.206526337838111,10.512758935101289,11.842103426627258,9.890207553252242,13.06185556877424,10.011173669579131
18.625,-5.829766874678416,57.15471885706759,10.50269985645643,10.778569368812104,12.008485280361962,10.14655858439528,13.500303626578877,10.28692684572102
18.75,-6.691920818416397,56.56367900259257,10.645569312869746,10.30608659516135,12.031289308103124,10.04552887026388,13.468945640722906,10.428236296615788
38.25,-7.320114435141643,55.93675604157541,10.440982605298132,10.742719559391068,11.810633930117232,10.010147329342006,13.262167691337403,10.350285401479216
24.125,-6.263461051207131,56.09493139875623,10.366355537995858,10.591724629451598,12.224283225654991,10.222262145874591,13.579868051496904,10.345809167732083
26.0,-7.714510628080372,57.158354110877504,10.755428650017397,10.853625310928006,11.991804109963695,10.137034262858402,13.418407254453836,10.356368964050734
26.875,-6.384655842785778,57.85005212882309,10.366540830814944,10.638099458806948,11.916310836435043,10.29788132117736,13.273174934065088,10.34928668422268
26.0,-4.658427446942895,56.58498281393873,10.540224279782556,10.7440662060326,12.28655547187282,9.882537188271664,13.519809111329783,10.573638314474248
28.0,-5.56596684462022,57.38040792172912,10.430354224889268,10.602625384482854,12.0886815805055,10.421114645916491,13.33203813314082,10.48036456523426
24.375,-7.723453559986713,56.93592992159023,10.5572693087717,10.782287269898209,12.592933245517257,10.565268633171325,13.082379524510255,10.620807224887765
28.875,-5.852310669121778,57.46999039820342,10.526900430412224,10.879567248237986,12.120791877119398,10.035600823193558,13.27919965004902,10.36964252542553
23.125,-7.568709565280025,58.84572300896698,10.340551331332373,10.430205265882522,12.109943345036884,10.313532855112843,13.063632147458192,10.359295773331826
16.625,-7.53197094482434,56.33760416291539,10.47657723856453,10.928636522229716,12.216420819246764,10.252290289196992,13.24860268102961,10.424547752858109
28.25,-9.33202864366573,57.5644831977947,10.606740390188303,10.659406255685507,11.83684184155046,9.731094177841111,13.094965534875357,9.981703246477798
33.5,-7.923036141217685,57.6943175580729,10.67175322899886,10.936085785128006,12.216585333149936,10.19859791374187,13.34055992043543,10.53691294319269
27.875,-9.24648012952283,57.418404276989584,10.273115602349348,10.689035709227475,11.726504461229954,10.150805390998482,13.1203958849897,10.455294938184352
25.125,-6.715959718713303,56.89227655691575,10.53629087850669,10.775498586364597,12.009833026912752,10.043871012907246,14.125684705523296,10.674520220213042
25.25,-5.564954278716859,57.03250449985483,10.285141238104124,10.529741953660029,12.133385376786778,10.55050689085564,12.960856835872391,10.564675134361837
24.875,-7.19692474958504,58.13356709645064,10.172828137700924,10.938405025223656,12.282867145376722,10.136603541142035,13.331266792650986,10.337106242287604
21.875,-4.988512026001155,57.56844549194707,10.483743938422176,10.84226729555692,11.844224940930964,10.12520856177136,13.531541890282202,10.385619496377368
33.0,-6.017144820860726,56.42004024268479,10.441175297064008,11.02616474340883,12.311380533566838,9.892443667488283,13.088530516551147,10.294450591661894
30.5,-6.2327711596484106,56.44739420831666,10.364384974136348,10.742140327099722,11.801975595137648,9.640946521457913,12.988120939588738,9.875808542792145
27.5,-6.409039957701207,56.88183918543056,10.601247177251794,10.69319058125806,12.384839318458962,9.964997408961665,12.889236958274177,10.122851914990555
35.0,-7.1518554439529325,57.93043387458107,10.736326790267244,10.811039390441398,12.00821571063292,10.402886221723062,13.457580976203907,10.192901490168468
34.625,-4.775641286871782,57.85921446891147,10.49456600754961,10.72873107327382,11.963878565131193,10.336649483129436,13.388683033015536,10.033992041250292
41.125,-6.605377096334842,55.58028878013821,10.280641767114783,10.769089512128897,11.976019629746546,9.8614385067206,13.15033521143116,10.265858974172064
31.75,-6.284272172938756,57.20701321335216,10.261935782212603,10.65604130046575,12.190110508295412,10.061476840733611,13.214582588682871,10.376423139590056
39.375,-5.44359609874164,56.93206557430434,10.259774995122983,10.633338039643885,12.30228632210273,10.245676216978351,13.427477690565144,10.698166462013203
22.625,-5.269904444234634,56.61987398768912,10.59888549632761,10.484330705385055,12.319695480057227,10.206533034953456,12.871118980203152,10.445639338840268
27.25,-7.576087636079221,56.04503857566107,10.47169202219816,10.370400053759228,12.034790204917126,9.920209638404348,12.843163952830334,10.33110998758311
34.125,-6.99271731961052,56.75123412692554,10.514357900518856,10.706011238923365,12.056277883680876,10.229426318395598,13.291579950377823,10.36270859195731
38.875,-8.27711520962656,56.37827040083654,10.46321844435217,10.75219272298384,11.647473556367313,10.295002304858384,13.54153449765393,10.270729792427018
28.5,-5.41607574958153,57.40805210282692,10.544234330953817,10.46458147279375,12.4708498372726,10.349552741498131,13.118182560137054,10.396950028330975
26.375,-8.528515407701242,56.82846265678723,10.720936657611334,10.584955629439344,12.10845245672211,10.465752921422872,13.542258044153924,10.095058438824712
31.5,-6.023139031524933,57.3064587333539,10.342677839987603,10.623691264428563,12.089901763260114,10.33066676106731,13.37417959628538,10.26266900060548
22.5,-7.238936041939261,58.33580395132042,10.520428862831656,10.795052143276912,12.203977179046722,10.450139128923723,13.483432250023856,10.095758754433392
29.125,-7.065670263518756,56.94364821135925,10.337261542597291,10.290582657199346,12.24977908610408,10.232762429655727,12.945651598669702,10.4648130986946
25.75,-7.03876646135024,57.47298341563008,10.570543728228136,10.49074370182154,12.098104199559444,10.299123347275248,13.319940509564614,10.199989922041514
28.0,-8.720074490817831,57.10289690768532,10.449387279109736,11.088201148739468,12.255746623418297,10.334457895386947,13.302915879498586,10.173077487019572
25.75,-8.172465025685543,57.59188763796292,9.979777394212595,10.822192778431802,12.14044890184806,10.512828184767743,13.13097190653624,10.401609538313936
25.25,-7.331138713446748,57.14105100846207,10.556184479658054,10.39212003339312,12.209070743621307,10.124170182986568,12.825109814608217,10.116138808366191
20.5,-6.379609404192563,56.0433083414236,10.391752142716518,10.148850879029622,12.281074383647129,10.497688598013047,13.175051606127615,10.431501442731696
29.25,-6.453362701285686,57.287698076228985,10.32310603566023,10.3368543917868,12.11113134597092,10.197285429633338,12.91422603835876,10.374897537304433
26.0,-5.7306338744209695,57.300283629460765,10.476216732980264,10.76908668342725,12.214269838413433,10.321376784410822,13.175181879420204,10.428535330507964
30.375,-6.879427605821261,57.19808686524551,10.39444383392291,10.779228883562894,12.140899297031744,10.159013381117454,13.303528774751602,10.601727810403336
26.375,-7.141807407798562,57.11393227608833,10.119340280229276,10.466359211012607,11.981191606700529,9.995554692034512,12.66199662676853,10.37132174812781
21.375,-8.092409485403374,56.53347760041337,10.130536424358008,10.578042491839998,12.122404497445537,10.344968924299842,12.6077795552044,10.301277103496291
19.75,-6.909071817794668,57.168767351470656,10.653308935649523,10.68957826731118,12.34265272244725,10.025011103066262,13.12344534699877,10.113279788472598
30.875,-6.331826371911953,57.45255738748067,10.433630228442624,11.056181500441117,12.17026679761882,10.134370297142905,13.403652068612695,10.540264654439913
25.25,-9.555236390747371,58.40552983094042,10.740321465165264,10.72895584430538,12.30036326100789,10.103563565419172,13.03565764495978,10.11193981467958
29.125,-8.101473518165925,57.29991972683949,10.6039535591529,10.449813232124116,11.887666509173355,10.175989145592006,13.426358572604697,10.320845369386747
34.5,-7.566569035007932,57.782912496358286,10.408755555016302,10.924851558709376,11.8616557709752,9.865893540257924,13.01740069546295,10.33971896516856
17.875,-7.257457205597301,56.98380772884727,10.335945756369938,10.858750789837885,12.135622085834669,10.115923624516936,12.934922340509845,10.20385210598126
22.75,-10.189854681375172,57.039219917669925,10.45456555272854,10.6862085185297,11.98527706328355,10.02613154438384,13.224139499969253,10.639274751945289
25.625,-8.229237867416902,57.21085395142776,10.580265246526675,10.728467827771578,12.109439168524425,10.153522722519774,12.91969680789927,10.361747647153315
28.75,-6.934015279965752,56.84596274450543,10.555267205880527,10.862983347560828,12.145989392411668,10.234390151290787,13.266588970985543,10.286354885839392
30.25,-7.516681278241184,56.56357537107728,10.554184212441102,10.67673472399272,11.990591759740472,9.960881332077792,13.249735875614853,10.054734676139727
29.875,-8.263607160034445,56.753404735440434,10.57955889817039,10.64264819773744,11.720978136370055,9.917661772778532,13.55785438333331,10.20937945435074
27.375,-7.465525433858828,56.59740752443698,10.55091773085664,10.909619843960668,11.910384682397634,9.724585454304716,13.109631939793738,9.959891866430173
32.75,-5.92376079363346,57.31145088018408,10.517826907418836,10.82220833957587,12.119540153949623,10.074831014557535,13.463925598140785,10.096316255108087
37.5,-7.051428533451462,57.35546987601897,10.60461308494113,10.592219199837956,12.044207786754448,9.953355939337836,13.141504386905805,10.505596015146706
25.25,-6.551995235955254,56.92266033894785,10.62028650264999,10.366010786643514,12.015849069951331,9.9855477315542,13.126998044538215,10.088158134277275
34.25,-5.5896295214709335,56.55259620750469,10.4569515705261,10.351424757811678,11.795279307079133,10.011376495864551,12.945195904830134,10.159714981421477
24.5,-6.788186418235928,57.20548398771346,10.369854780857406,10.824246822699838,11.9347782730342,9.9682808060727,13.322900479904206,10.19432197812232
33.5,-6.885460456986459,57.33029022038118,10.530376529454164,10.80369945542046,11.995803662310298,10.590487032366232,13.51517408667226,10.234200019306442
31.125,-7.498017089466948,57.001647286878885,10.35713204965279,10.790887445611748,11.98205442176764,10.191906928047704,13.21993885712869,10.29476622884203
33.75,-5.49342390726929,57.38889152431249,10.32196021627585,10.843694119919364,12.188886882490076,10.134288540333408,13.345494029465932,10.24704220437922
29.0,-4.443842601535192,57.61521426310898,10.531513223713263,10.539169424233584,11.98201609427123,10.552997721336045,13.377332791824866,10.211331657655506
36.875,-7.284778790215251,57.37669165354889,10.237380414909042,10.558573350655466,11.614418388724898,10.004658389283035,13.075779175680667,10.391769435396014
22.75,-5.885422393445296,57.85997688898681,10.489290836454296,10.85687552116541,11.93176005263402,9.980929247057762,13.251520369196712,10.076872368411196
23.625,-4.939286713266405,55.705401113366165,10.490634788912203,10.819781554690552,12.05650819407593,9.942137858179455,12.992264397517502,10.137213442460926
30.25,-5.266682715960404,57.25180639973671,10.38416978483398,10.798817619502412,12.047598259812236,10.307328370268262,13.511015922083049,10.583057764661133
27.5,-9.046351371609282,57.81541727336536,10.42328654801108,10.604434597428977,12.16158975230931,10.387297802933396,13.442769133465646,10.29370531130461
35.625,-6.81298467960154,57.59930034808277,10.70840602363878,10.595587351399168,11.86875105199434,10.37542591386276,13.801188540359815,10.494934844250636
32.625,-6.304868371805277,56.630724652248176,10.563019552410564,10.585071029472347,11.89988700115284,10.06018103690411,13.350477286606466,10.252933613502574
34.25,-4.817028898254738,56.86084925308573,10.378318527090912,10.943942179583496,12.072235495789169,10.16048667584124,13.094046615022055,10.441816208197322
25.5,-2.4768785412888628,55.71948721326589,10.66470826922284,10.396899916017237,11.75057302881456,9.922138484002817,12.92946829870678,10.170253369366732
40.375,-4.902780306320101,57.08448795189776,10.419681285917685,10.629649287815722,12.135482294445511,10.133615860623586,13.204095953553416,10.383411808205626
24.0,-6.151035801572324,56.5010396993481,10.455559459198671,10.742846388645134,12.070496737220877,9.903674442448596,13.229795232627604,10.359021756354522
34.375,-4.147298502602955,57.59059425127852,10.570944530592447,10.68383535954824,12.088894644115223,10.146624751395128,13.302223582620831,10.61046837899938
30.75,-5.323129564468059,57.873965048696434,10.411234912253754,10.83251168305034,11.960252704398222,10.214084867864983,13.087406968020964,10.515142736727537
21.375,-4.842428252509297,56.67455990363603,10.913591582862862,10.65059733318283,11.924680232276868,10.072370382862848,12.769329826272092,9.972544068890086
46.625,-5.829436298203955,56.27737898191192,10.363173831501143,10.776733179544731,12.244574262938889,10.1806615702893,13.166103101342442,10.63642122968144
36.5,-6.561968879125784,57.60245735064699,10.566640696392357,10.67169643066024,12.077900077777755,10.053664512405463,12.876571127300505,10.245272593120854
37.25,-6.030388341138816,56.89490265488001,10.56230683767612,10.682452945943217,12.041777160737302,10.22609799441804,13.616578778508211,10.77449555124735
24.125,-5.6514250350365485,57.10297624518562,10.597002131178629,10.949587282810644,12.02410755418036,10.373963065609177,13.467938866345335,10.234118939343135
30.5,-7.526758983262465,58.10053166587171,10.44505759889943,10.435038703031053,12.163298274310964,9.898184612326432,13.099662169585123,10.331980348876607
21.25,-6.837067685301234,57.53982487309364,10.562164286310246,10.948191944472756,12.37646128618211,10.222879847260256,13.260196111055688,10.290571373986824
27.125,-4.977973774972648,56.887572670574464,10.59186819438886,10.788477839416624,12.147630657773473,10.563187228310875,13.6209186497478,10.522166231544036
30.0,-8.987113920164745,57.41871897100974,10.514559429071165,10.608177229897262,12.114082869237476,10.313683473002316,13.32914718361245,10.260155374569962
27.125,-8.31364219697635,57.087312097024274,10.44577429736705,10.794787945893646,12.085472088053686,10.228462238955045,13.613082105979611,10.410994583860615
25.875,-6.782639074186595,56.96075017638683,10.597022680792485,10.713477507114591,12.23789893203178,10.176422414263396,13.215040221155958,10.185744718507031
25.0,-6.728916882482151,56.97156301072875,10.44371556236877,10.728044611902654,12.142791057594152,10.237734608955131,13.328868334874054,10.463148651912125
44.875,-6.50612374928744,56.2814710836897,10.433024968284526,10.48675585535942,11.909610211134806,9.88683231011368,13.32521399735019,10.45110825218982
27.625,-9.275185360747916,58.206058711495125,10.561993811544133,10.540832611232728,12.061922291800448,9.952607591943964,12.9142833393623,10.005271988767184
24.375,-5.489545665627507,56.35105554386361,10.228873094633894,10.444681765069928,12.244395067916289,10.180746447467032,13.2814688540083,11.049504092366195
30.75,-4.773415482315503,56.84382237291776,10.474706688222165,10.665327836766798,12.419168406684625,10.877980111903671,13.300651352257663,10.497818000236917
37.25,-6.586725832552924,56.47399372045986,10.49431549900973,10.632973820126548,11.90075628010216,10.117378031117752,13.42337891950619,10.1501462056615
43.75,-6.361185328182944,56.97518053033579,10.595012122622014,10.827409924829242,12.15972094300012,10.184155193816927,13.212835190682291,10.239943152097576
42.125,-6.934687272272904,57.78610802246298,10.233781533653213,10.89244081574711,12.11575258056544,10.065343322087552,13.014585448614527,10.218332168076053
30.75,-5.5151762681401015,57.19580893003595,10.476128721308967,10.6806086572156,12.24405696893317,10.083297288188552,12.994945468868478,10.424171951851996
23.75,-5.91459700432624,56.27069606821627,10.305737402427438,10.770982931082967,12.024208052658263,10.100722598222658,12.702708514133384,10.470776795731606
22.5,-8.788798682741422,57.08363703828642,10.631320393091164,10.584902277367378,12.031703686330069,10.3200781044606,13.222445107041809,10.498785091747214
33.375,-5.62853985449213,56.32409578266245,10.23760634315917,10.782533563500786,12.012366880896971,9.924357255073192,13.24357414344626,10.900054987413348
38.125,-6.361200621767029,56.694725376520914,10.370293391062075,10.681809640273524,11.77525978024099,9.888314741078748,13.15417072494108,10.286754825880008
35.25,-9.573350967709942,57.50629345703835,10.461817970178185,10.90977399248143,12.096528685938178,10.0701036936222,13.295447441582242,10.64815478216112
45.0,-8.571116104598303,57.14451875025917,10.499828995663371,10.90190738749634,11.94090879366745,10.019991754490633,13.079495185641086,10.45931534911274
35.0,-8.033606998692253,57.0573668704161,10.684365827825465,10.91910161839619,12.405258655762106,10.245009997131149,12.968911138888869,10.286930869481033
38.0,-7.791640950129675,56.67832287469468,10.668475783131598,10.561544495006926,11.89997504576,9.89232816302989,12.983924920237625,10.16796031571292
35.625,-8.948073279326167,57.31244706499231,10.59556020051835,10.401499858545854,12.0935286690526,10.791514868691298,13.18657963321605,10.220510381590383
28.25,-7.568988342411983,56.89203438720553,10.24360213227994,10.792393855690117,11.91532064035357,10.257375708228407,13.34720401830875,10.51698890951067
34.625,-5.739395860979142,57.69344092675146,10.409390598075356,10.716394248106726,12.236158545357242,10.146829768670148,13.271833735757182,10.526528931661522
34.875,-7.26449560070014,56.69413907453767,10.62798283139754,10.913138042370326,12.332987113758696,10.378180309156528,13.405484290823376,10.603461584589676
39.25,-7.079073666303289,56.16254846637801,10.32610793053604,10.962363121854525,11.967062447174827,10.358391424595798,13.086240124659517,9.991006942930095
28.25,-6.796097199392445,56.82336607536672,10.413502644936168,10.633822008437818,11.982339756253538,10.04981151056184,12.901262637806548,10.199087334779133
33.75,-6.3654255982734185,57.38163534579197,10.417048088342929,10.735401573242212,12.10228639651822,10.103471790634002,12.785007722931764,10.310579387519846
36.0,-7.66219293101175,57.39663698669498,10.261476108716304,10.617800688521765,11.91637037027934,9.98149689145561,12.84818280590676,10.01191215039667
27.25,-5.75357893123673,57.39659885506647,10.35908253194659,10.695266330353164,12.03588422591528,10.295608304069548,12.870071086268132,10.51972120744368
32.75,-4.153409456537879,56.9620292039174,10.292524437813324,10.564622379383332,11.823297617928898,9.895482698491634,13.005836282946207,10.2896709800466
28.25,-5.669127855389109,56.4793331905352,10.140242821103302,10.79351667991356,12.008757663987105,10.17150675953451,12.601688431394017,10.307911597646315
27.375,-5.609960963964579,56.86717530754194,10.243032102489424,10.516655735624004,12.10480022379342,10.059602496866656,13.034628545574432,10.507332590996551
42.375,-7.155029808722732,57.33237931831324,10.389790075206069,10.20583336527071,11.917327144919224,10.428622011934674,13.12470965797559,10.511816947162316
28.375,-5.5946866026852025,56.966919310499705,10.067203512571696,10.706787847470707,12.034066921884806,10.102225985185587,12.915463528305802,10.514497132769796
24.625,-4.6081398996073,56.99963344630117,10.40562810111162,10.495278269460938,12.32912034255445,10.316579207791449,13.006484200873894,10.421320533813777
38.0,-5.856537510893537,57.22894689091915,10.73242878995734,10.769514679146535,12.352435993533907,10.143326198824049,12.892366722563564,10.496996043349457
42.0,-7.633953851585698,57.5205109604061,10.52618996024187,10.701215725061136,12.210971290228107,10.067047299337302,13.040209556549144,10.379455473021688
29.75,-8.192166450148827,57.36739565589727,10.117184376277518,10.83888800477938,11.883203103952924,10.168385382742215,13.051743708432625,10.456884939736993
27.375,-8.420306256527354,57.25284856312497,10.354767044762196,10.769151340942866,12.093600739194509,9.80349464328989,12.638801258560267,10.474732014290716
29.875,-7.500284488688917,56.48737836719201,10.352505450962097,10.32217856991944,11.912814115461131,10.397865856157516,12.77280952465377,10.24385371904365
25.625,-6.007950989737894,58.00278163026631,10.366942812562275,10.376233393800016,11.715505890833242,10.0601028727178,13.011129869273942,9.925104386156477
28.0,-5.677711197613702,56.41010288242605,10.619145633213874,10.763371535935317,12.25671426591617,10.179817965776095,12.916998577446185,10.070567130398166
26.5,-6.737127314274745,57.023011356494166,10.450565415238378,10.515545239062666,11.977112119591142,10.21848729567805,12.98218194096314,10.324995525690587
37.125,-5.890173350893341,57.6469793103732,10.275219112319606,10.571057210307307,11.978128157452389,10.19507073431653,12.952282238731453,10.153369493950509
30.25,-5.393123077165982,56.52243159806592,10.29446297156074,10.505624076115602,11.7086301485754,10.009379124705456,12.960791697406412,10.21446471832849
24.25,-4.534713742393002,56.56130746428811,10.101284410920147,10.471863950709745,12.028867918387292,10.253066017059895,13.15875344354421,10.724076558763398
44.625,-5.59834845737248,56.52720397079248,10.335507403140689,10.702695925579494,12.059815945081771,10.452043941231738,13.522105107197897,10.647251330589851
27.5,-4.870065292725903,56.526744112339394,10.331676052096338,10.572002851697532,11.97470054954643,9.821877665070865,12.946868799884356,10.6489454653126
28.75,-4.626418609052524,56.68476930151618,10.379986311888386,10.55167816777177,11.907881514412615,9.899565244263554,12.942434816525097,10.278314180337151
31.875,-5.914076312712782,55.931209676168834,10.314116008550382,10.219786711273509,11.899992377639906,10.11319009860522,12.769882403204775,9.908183252113693
35.375,-6.742387881543039,55.66405781974648,10.428567432763252,10.99381396224198,12.207537732978077,10.19919147277232,13.483580393249966,10.346706291379125
44.375,-7.251443480018659,55.02647748827789,10.48516849063606,10.272966266513793,11.971359603689471,10.051050037827642,12.716951381519204,10.398700424730508
26.25,-7.449991013279482,56.42220933550734,10.342568023320457,10.079528408317245,12.046972192124285,10.28297106521842,13.021872547200005,10.54549898350364
31.375,-5.295243606059778,55.12227202705968,10.610301206637317,10.449432992759622,12.169236025589742,10.463810306107462,13.058660819876057,10.3601691437826
45.0,-5.872112938439608,56.66014854773195,10.674904585524816,9.965495361685214,11.551237824754413,9.788813930521364,12.897674189892246,9.980076891938022
23.0,-5.61104716445963,56.74191831725105,10.217810069849047,10.25989173150158,11.832947934363032,10.147225018012795,12.856357369203192,10.161668215953982
31.875,-7.737741917289343,56.20161228854879,10.56226385124287,10.734155145245923,12.09431730840644,10.211138014979932,13.038302543503312,10.024786841683838
31.625,-5.868552386696488,56.646730127798506,10.507059191459026,10.554660170824844,12.04691216535547,10.070443986573192,12.949919809334364,10.747374883184404
37.875,-8.009423653229968,56.799725759527576,10.79121410420047,10.772742084087058,12.075899515315774,10.140739210566322,13.239961940006848,9.998192026706596
27.625,-8.687933954964505,56.280665542824494,10.61531565004459,10.686739335807598,12.156641317227152,10.131118684464248,12.697717655784984,10.568085562254565
21.75,-9.480738704715314,56.24150363792464,10.639303813960158,11.059152803362512,12.307447564347132,10.108035391555488,13.17392234971138,10.10012888525938
27.75,-7.89524543695426,56.81021849798296,10.443757004281794,10.868974031142068,12.367243482837416,10.139574466427533,12.912003737231109,10.332298862589225
25.25,-7.476627973053751,56.97820175787849,10.37005094996943,10.772582404072702,11.965309053803749,10.141176821002468,13.074656472702475,10.23601107899489
26.375,-8.421641991549128,56.390340694925705,10.627799667402194,10.84039670469458,12.3066110005761,10.318932886465689,12.927363188451787,10.516389214584082
43.625,-7.208885638615451,56.52515893927854,10.466907835460312,10.740270994420264,12.070137911494507,10.09069006380885,13.086912347912746,10.1162323825836
40.875,-5.757091351766431,57.33618773888679,10.573247657507276,11.02611160261639,12.26806548214284,10.375912549893195,12.999265427029831,10.167742542034285
40.25,-7.593010514781449,57.48513785116799,10.354750645085977,10.822880911521857,11.916568538284766,10.013794116756449,13.222986132720893,10.061751825657227
30.125,-6.467464213064211,56.76353010795539,10.74104594451586,10.827700032699724,12.174992574646044,10.15526973477349,12.773063797041267,10.266427790100638
30.0,-8.318772558617278,57.01296662098519,10.540550180862605,10.72757112889906,12.044012054964291,10.180039512213948,13.200877480480363,10.147140793531078
39.625,-7.43247499205108,56.93200532631192,10.644845306725085,10.577441366534073,12.300164230433635,10.372668508639478,12.854161794755925,10.492730348023777
40.25,-7.802582395967887,57.03991581978768,10.28502285129306,10.623509348907788,12.216029077286828,9.931150421858296,12.760116630404434,10.083520019699854
27.25,-8.846410847543671,56.12567973926119,10.358262778492747,10.673348100354731,12.040637718459411,10.065994350133591,13.059957422186104,10.067731630263951
30.625,-6.57860189360694,57.8415244101475,10.311225955657491,10.418953036884051,12.31687046833462,10.371786051995246,12.879029115676609,10.302261870902662
22.5,-7.1745843633727855,57.25928821668643,10.409491994980336,10.610458330084962,12.098543036568817,9.921044714242491,12.928887887640231,10.538941782480254
27.5,-6.34652752751573,58.06707534851705,10.620858025349529,10.24802165121193,12.344550913768828,10.539945654941436,13.164184909002582,10.495818293406016
34.25,-6.658913909857036,58.16695105239256,10.496619805360424,10.501865666969955,12.11513899687396,10.148705035009533,12.902516465192589,10.223898185680994
34.125,-7.701818956397778,58.2326678881803,10.627573009719184,10.788653729377218,12.159436364125504,10.444699489718506,13.02388735598108,9.71428940953056
31.0,-7.17517637490123,57.915270050056925,10.833088399829,10.726609746406536,12.071346421126648,10.233132976373373,12.717184345201334,9.983199451912007
33.25,-8.665157284913867,56.48113969476382,10.667244044661109,10.67894179769694,12.165820483417129,10.185992890356795,13.102792590126418,9.92186989020848
31.875,-6.377859575776244,57.860474410984295,10.616042306273547,10.675556042846798,12.25913909532238,10.417845663255044,13.031286471475646,10.038862582301368
36.375,-7.768025323307716,58.05051896063021,10.494963939753037,10.677092622136913,11.873497230414031,10.165934342367192,12.76392060340593,9.80934005021054
36.125,-6.465739610079209,57.22345496313456,10.491378170632863,10.780367533573337,11.95181860640788,10.26316988031623,13.013583231439773,9.880271278104397
38.875,-9.624729083039822,57.17595973557372,10.767257793758246,10.737495738164863,11.969197164691442,10.172158169877468,12.963331927336398,10.195621104354004
38.75,-6.544455013185979,57.99224288173214,10.750467847632134,10.295750276684425,12.256230819497253,9.86401739410321,12.823214877609187,10.2505160376422
27.375,-7.516726914888322,57.125839994084245,10.701530607368642,10.40304232038054,12.189726822114965,10.017493820523844,12.667194211589544,10.50880674223788
34.625,-5.965921892903913,57.05968792383269,10.826323394990416,10.495987883734964,12.511016117698828,10.31157478571946,12.834378640138048,10.276107591185257
34.125,-8.098027902406596,56.5636085625104,10.780921248615492,10.393624277683726,12.377839500702562,10.22543344002026,12.882634631478943,10.306846362541576
42.375,-8.622256269233414,56.14959903932882,10.603625880486772,10.572320165142427,12.414290951397126,10.093082785552571,13.020683738475295,10.317542650286494
33.75,-6.615155945388286,57.05805085864326,10.55600308341037,10.260089276783653,12.17980039166004,10.180841803551637,13.168601594354094,10.474947821324712
33.375,-7.32253114056839,57.147400043269904,10.3446912711447,10.448319661002191,12.354678527212709,10.46426079253693,12.845563303023642,10.19765334955306
23.875,-7.314133463546735,55.69059953549647,10.453921133840543,10.786736263175762,12.410924920852702,10.053239151853406,12.422354078326553,9.922989233964252
36.25,-7.211224630703726,56.10770287664373,10.848391212845447,10.721442096929264,12.356413299409851,10.07426845969023,12.618297587450432,9.81655664824608
41.5,-7.127477373446475,55.9194426365426,10.641659287349864,10.64491274851183,12.129193192737503,10.103285048048942,12.920180573925569,10.401333854370176
28.75,-6.460022334452065,56.77102667200094,10.797820959739193,10.387514439707603,12.154550371317807,10.047241391981752,12.712478960926804,10.175650963012329
39.0,-7.367618590339911,55.39673696210921,10.528285279166427,10.767271731053064,12.470994579914937,9.728581933148254,12.933622290232384,10.360507940268496
39.5,-8.495067873945699,56.98988394229964,10.706139053747648,9.90322137721352,12.156798285535194,9.832178638240936,12.89232902806705,10.795135237454485
34.75,-6.661621978929412,56.45823046458874,10.509771082770222,10.502031595661936,11.76805547144056,10.1115339483052,13.367484159798313,10.479992699329353
39.0,-7.479869933131473,56.28233796644353,10.781308412853276,10.467329481292436,11.910352582194474,10.015886775211284,12.955227038180396,10.014378374888578
42.625,-7.552354397438014,56.67576397233631,10.570800943456373,10.792448070684692,12.203121575035928,9.857513207596154,12.932827893964529,10.276544555477685
39.5,-6.274557752477782,56.76840100883481,10.68715599788676,10.897145773231284,12.108018565708226,10.110256944119874,13.02530509252275,9.900351192889405
43.125,-9.1076982589877,56.0387299404488,10.64711944867573,10.6679208747074,12.133753342917029,9.787633132633484,12.85761441572535,10.448290507310324
34.25,-9.628010085600687,58.099087345449256,10.512987841209826,10.40968027438069,11.90170431235003,9.788610562560786,12.668695478043562,10.052743510828275
31.25,-6.998180909347771,56.324547892011296,10.494472424663458,10.3791611435725,12.418949819402926,10.425205768510986,12.80667271770609,10.268710063249076
35.0,-5.409047331729973,57.19221945061317,10.48251433244222,10.419856915371971,11.963682699534974,10.300421405776593,13.036502518496906,10.150633039650032
37.0,-9.332039252541414,57.00668196434361,10.602267410837255,10.84617346131631,11.879111516585676,10.32824351514374,13.295532864936662,10.292805214717054
34.5,-7.362039842452773,57.314317640679896,10.558678275736998,10.825386965242576,12.129531558156856,10.347572254565286,13.209400923273243,10.15312544419232
38.75,-7.323140675487851,56.85248775798588,10.634905727654433,10.663233758039244,12.208647707854787,10.353051544537886,13.099322569817268,10.449854684215785
32.25,-8.629170062414167,57.12089453569731,10.540293934446654,10.70020484826568,12.238367535805716,10.035750271185108,12.672412595953476,9.94641625027012
29.75,-9.099030690773713,57.18175563297836,10.535967153979676,10.813923054766336,12.285827231090574,10.320311971569105,12.780025627916974,10.282445025480971
35.5,-8.78694107125216,56.36039915375451,10.594945521470631,10.6437411685632,12.744900488714878,10.20062689520251,12.998304715842156,10.395654437791126
34.75,-8.888630908826686,58.05337440553549,10.632230966027366,10.962436315476866,12.19535919847748,10.006633829567742,12.941364522737176,10.059229918140495
35.5,-7.133978309106333,56.96414841776337,11.023499052243274,10.422822171089187,11.934771477920371,10.181124620040926,12.687978273245578,10.07376008198754
37.0,-7.686820493702871,58.14174456083759,10.582107218545625,10.437193609411151,11.68211594198225,10.120238142637673,12.922486699502889,10.04856091396234
40.75,-9.128488085528677,57.84054933186656,10.526330712436398,10.522094570778854,12.076839508089844,9.946059412845376,13.028677603825551,9.909457486579388
55.25,-7.951139664768504,56.97216857367152,10.688737805906916,10.387017978378951,11.72821094583322,10.14444941024374,13.188493065083428,9.907036892919368
48.375,-8.274548663318264,58.43369282765858,10.60626074863035,10.555776003924242,12.152795530379317,10.372176783688989,12.98090079159529,10.208663165286056
41.625,-8.373266129455036,57.656130674755175,10.632833222381931,10.273281152121369,11.998312738279186,10.280970768396424,13.17080537600091,10.20300773004452
57.375,-7.509889525215155,57.7218205272949,10.462187281249276,10.703101276813388,12.299640211285777,10.114465734318712,12.679900194227196,10.278863329561268
43.875,-9.799261650825356,56.688777749010114,10.745885626935264,10.125005373237022,11.816835017261017,10.119778355344415,12.87737353384644,10.285765174602016
55.25,-6.304851346894001,56.936939713772574,10.973226848561795,10.41221511966991,12.475861466807556,10.54533785969376,12.827155688926595,10.202470718467463
67.875,-8.196623775097342,57.46815110223143,10.218763151846938,10.361462865943007,12.47639702149828,10.74889175804037,13.091810516047714,10.121816116992928
52.75,-6.062888478171409,56.88873358512744,10.728308078609542,10.557587230226297,12.07058241525096,10.594925688268852,13.17565310841898,10.19841928341212
54.875,-7.019783662975278,56.78693835043974,10.757325723107751,10.400408806499229,12.076283807414123,10.474076777623749,13.24973556298199,10.40662502150596
45.125,-7.419533560318725,57.29808713693278,10.254925304760048,10.614141792673554,11.87096900409669,10.107339519277774,12.714251648974871,10.059273259426227
42.125,-8.244204352788875,57.20058372739321,10.525013377146012,10.603732133842096,11.931876149368652,10.203671540852335,13.1858098970664,10.315073825762036
55.0,-5.98379658113635,57.10864986774121,10.314144225795465,10.373517071928124,12.014573876108877,10.206155132923708,13.117698489079586,10.539370130613593
54.375,-6.833718657678578,57.93054985651558,10.579475529629908,10.66602606176242,12.202281734520232,10.491754583708412,13.286472915460669,10.082100314332958
51.5,-7.39703603205364,56.98888964675977,10.488312396585368,10.390355395723862,12.211751934409763,10.549251140165431,13.055397586081543,9.969380983424813
56.75,-6.032321719606828,57.41485696332565,10.644410906012618,10.678729493494425,12.048261187916149,10.16202152606352,12.880785438181691,9.95254179715318
58.25,-11.053273710427383,57.904080601874085,10.21544994822211,10.897829854006908,12.493903904014788,10.077364690285917,12.895611941385914,9.840315791966304
43.5,-10.608447348948523,57.25704186658397,10.44191883521759,10.291907458202624,12.363465999405731,10.26771998528969,12.858863768864358,10.20746786286287
50.375,-8.739307067007145,57.80395048638383,10.37539048090846,10.857402021421535,12.421060368298,10.35409951924332,13.022547471619982,10.035607216611798
39.0,-8.128665657322166,57.739686042674826,10.300385717191862,10.661272914794171,12.200063908529511,10.123955039649475,12.957966830574966,10.401153310467771
47.75,-8.773299798617419,57.13454691326862,10.61083560381415,10.459584605063316,11.90617780859228,10.087338239475722,12.859534556463796,10.089782931884413
36.0,-7.44552195578397,56.65698550054409,10.513593856041073,10.770122806455886,11.913029601005082,10.283310826871444,13.212493010541346,10.121408871721036
30.75,-9.419653858955922,56.68357954353094,10.625471327291468,10.652429103500422,11.78807443197544,9.994846600769549,13.078100039498532,10.138026172347082
33.625,-7.236717168013234,55.91110709008134,10.444458190785332,10.765665880003406,12.020254109971416,10.35447649573308,13.204115453917076,10.053255810796532
55.625,-8.243427088707811,56.32494672134135,10.514257464872536,10.7444658443227,11.81787193173584,10.25773708040204,13.43132546892588,10.18897295847146
49.875,-8.215220895556694,56.78963549808357,10.480848166026451,10.980034668750443,11.876322320229448,9.952561028466423,13.076765459704967,10.106212571780032
62.125,-9.499331552887504,57.77737420221912,10.329856818229793,11.021137327597168,12.42682711597742,10.61485782883426,13.05598972373956,10.19556541469696
53.75,-8.233058375671066,57.84246059697937,10.41084446925874,10.9798188117981,12.22152383183937,10.30373719777324,13.52196566905304,10.041475678507227
46.875,-10.010166489111096,57.10984255375799,10.137274357837834,10.73115872544715,11.704068442508238,9.852143163747812,13.016902348199896,10.189646452458774
45.875,-9.764531283658664,56.65355713379376,10.398891848901624,11.139072779630382,12.141150179538627,10.017106461140465,12.784889010280748,10.07634560690862
47.75,-9.185921523684492,57.45277062580275,10.18121987246276,10.663926751285588,12.047591515480816,10.117506451847932,13.128287070747977,9.914946728328871
55.5,-10.909282634498366,57.82102762603857,10.301422016771882,10.856952781345637,12.00720496419658,10.279178210556148,13.231553266285925,9.82083313155008
36.375,-8.947871303877866,58.508996839966834,10.03674876237495,10.84482573594249,11.906460802053292,10.632442513822935,13.251329776035044,10.1329952554926
49.625,-10.455377206606164,57.117267760209145,10.56662742061229,11.025993828974617,11.88745132847404,10.218964745036557,13.120433765455031,9.74776273869188
49.25,-7.320175241137301,57.298457450264415,10.574867570394892,10.751653548625807,12.098373056347912,10.131082447898525,13.239809634846663,10.157986436178549
46.125,-8.352743140894306,56.17520056552482,10.835872290323891,11.153143914058132,12.184714339223682,10.446357091704286,13.186717552700328,10.177323692512108
48.5,-10.802455356332937,57.00546924464286,10.527044129885596,11.002997208202231,12.304566038996008,9.5576292795453,12.412237972586412,9.94829153615682
31.625,-11.202545294011548,57.25098487065609,10.549549664104832,10.82721322844331,12.090577551323848,10.1624684913131,12.800651453745743,9.642905443695982
34.75,-10.19266105525936,57.25579914719601,10.72893844439146,10.822849052974853,12.226351098420038,10.258230637599889,13.067216006648769,9.925424892388795
37.125,-10.23681925364624,56.50024486279053,10.640540613199104,10.922587990417792,12.660180123597938,10.054740522277974,12.626491088303538,10.115977653672768
28.625,-8.379938632312575,57.083075108035246,10.626984773346312,10.682695623873569,12.294772493149829,10.31929217588202,12.9170615347995,10.24301635066696
31.625,-8.820636018012927,56.16662211683274,10.31592305039066,10.675128456184035,12.602251385594672,10.153088288643357,12.557955655514592,10.034666553421827
32.25,-10.074561812906548,56.86271203315784,10.686153123475496,10.589079825566412,12.613710605151985,10.490757651519266,12.840872453257347,10.341000594169406
36.625,-7.5683809654818095,56.91039948260919,10.457077321151433,10.409256058342097,12.253390695854254,10.137975581597525,12.700288771517814,10.226601769446882
34.25,-9.404945880687658,56.23435034844965,10.666250861376396,10.42906724336191,12.274712304645131,9.903540678205598,12.659150429606628,10.303886436428844
46.875,-8.545230507859996,57.54883503840773,10.358561246208096,10.900942499905096,12.247694284152155,9.94175997412974,12.60989474098428,9.988851222392876
33.625,-8.807119564963083,58.25326386536559,10.547681182819662,11.042410086482803,12.509689872882172,10.025995780139173,12.55277800862482,9.946942878766167
35.5,-6.044819464491808,57.106033979267785,10.715548384960702,10.65200570451138,11.96833792921532,10.225499100492128,13.197034134886156,10.419080646757283
34.75,-6.357590286612988,57.55825726603975,10.584079128528554,10.941789563479002,12.219131643691416,10.06293625582672,12.96079272415177,10.48360460426452
29.125,-6.200321779084422,56.11452896956618,10.506335299117318,10.450406275842871,11.798231541404457,10.101832484529416,12.946336175831224,10.212762995525202
45.5,-8.659566858702927,57.51279647077344,10.380204818178592,10.556358390027803,12.20234981846659,10.32707989914973,12.873531021608027,10.21510592049706
27.875,-6.883916953428471,55.58292338355288,10.613576560403509,10.724665214127429,11.909209347753336,10.24974408484366,13.144539466176674,10.271873137612074
44.75,-9.734430374980828,56.95503740681339,10.496615042280094,10.741161658756216,11.988862394043691,9.808522583053056,12.5074816874049,9.898770128898374
32.0,-6.148000814103319,56.50898341334036,10.66034588996442,10.68831185336593,12.056827706692404,10.11295294533503,13.055399519607432,10.322218372782926
37.25,-5.861252013605511,56.98643909192608,10.678665748492216,10.396597349651884,11.995868788029757,10.227870295395816,12.637059748486235,9.80533234915452
32.5,-9.351270336179672,57.582445672789696,10.754863372952826,10.398874162209523,12.429147083182434,10.057364619735614,12.786157333622642,10.208077304625771
30.5,-9.361103557272282,56.5288463299605,10.325135421227037,10.757577420601768,12.05878364155909,9.935226530186922,13.06684772124917,10.327437062279058
33.375,-10.322192355946228,57.18065345611317,10.671574056344642,10.763333550223294,12.264930465330442,10.378029745316429,13.146228355878849,10.044634924880135
49.5,-10.8318104649288,56.41410401878089,10.682462066752112,10.761211296682516,12.737345038545016,10.22865583755404,12.864904239896774,10.431231426943707
41.5,-9.76412519985444,56.37964077741754,10.469234768388404,10.898784769476844,12.064911501274915,10.347612964745146,13.259263282261593,10.26515596333254
49.5,-7.6289327614263875,56.57765274183633,10.284249282003962,10.59603920689701,12.001628612953269,10.028546158625767,13.003389302952618,10.30443623599879
26.625,-8.232997315701946,57.432034538902,10.553199847430449,10.66399775558233,11.942085335385192,9.980058614784006,12.945453599972804,10.062998163392454
34.875,-8.265371691662219,57.458820727432986,10.780491879198411,10.803010825740468,12.200992780889129,9.943815868292653,12.653074985193095,9.88268507078906
28.75,-8.176415911876145,56.97710674506629,10.407448185997326,10.55515929167299,11.918315106650828,10.09278665618435,12.84460070415824,9.919670419116994
38.5,-8.068088440189749,57.23578118214611,10.306580973109682,10.555990499469726,12.11239044749549,10.008189878100971,12.884274626361115,10.138411490277608
28.5,-9.04035286681915,57.56446754862432,10.832518088649609,10.610050979717274,11.999145040148056,10.0800093303533,12.7685658672732,9.814851622588812
41.125,-9.411249840183022,56.99657320844809,10.504815674964426,10.716842024586532,12.081235930269438,9.851101793532528,12.768400090574216,10.118232424956052
33.125,-9.126473629169276,57.51884129786922,10.578670004863527,10.373824234444328,11.878222438326304,10.156834811200358,13.060194867136296,10.000253367571414
46.125,-9.69381890605842,58.51301842496388,10.407158481510637,10.916109250429733,12.252914811796105,10.32154358113174,13.200168306619178,10.341891248897772
29.5,-10.449398642088644,56.92266049438992,10.42819976896687,10.76388848243031,12.301976968361274,9.747492764681857,12.684108475369731,9.70677730297873
30.25,-8.42860831197913,56.70668069732632,10.687265527898232,10.589918096577962,11.78132464194643,10.294471877723277,13.00886663049209,10.209964778161062
51.25,-9.253912761229929,56.74487705203236,10.463253431882254,10.82794874742661,12.062677139648658,9.947897002064453,12.85462292363308,10.064143694357512
40.375,-7.968048567250983,56.415392998531125,10.442971952715364,10.74644666903071,11.857924104867172,10.070610879289294,13.219344739815826,10.170166063609914
58.625,-9.633721301825627,57.48730772889043,10.591891183711573,10.393570840830549,11.945311676400612,9.96212118151493,12.587005257770516,9.808612403710434
30.625,-7.518419233817878,58.00608110793625,10.616589818090496,10.68234099094886,12.233532819312058,10.14916028167151,12.899606853702997,10.258358056388836
37.5,-9.180538661034332,57.37236271146442,10.397494009771163,10.890969323592689,11.752880151581236,9.878003269493828,12.8506954095272,9.630249743424637
33.5,-9.121600680074463,56.61088921544624,10.536992900049915,10.769721291143933,12.03898497926633,10.09272019591362,12.835298756626086,9.86096344085178
32.25,-4.0948762404041,57.05966883938252,10.656428155067168,10.590049834907068,11.70962524852108,10.043068457994847,12.869499998807022,10.305894027362744
39.625,-8.125685129683802,58.3350219914371,10.543947054233962,10.286148265839808,12.167507003517496,9.854251021606194,12.611880513002436,10.002616702157985
33.5,-8.847071106657197,56.95036554030366,10.54175894927621,10.650069294304934,12.014170384534388,10.011101147618945,12.859125371441984,10.022423184814466
29.5,-8.399103056600483,56.68816040677094,10.630650506493058,10.660138957237445,11.924770872007654,9.65312596501688,13.010642494421004,10.05541764842254
28.875,-8.088950744200393,56.91876396504211,10.180648197514875,11.18586549981266,11.897098806375704,9.783671392822724,13.2600644649525,10.567250978102146
38.125,-8.319273912384284,56.69913037042499,10.53517163573682,10.724438814814622,12.049320480079976,10.030483162979053,13.035661174560602,10.010976174141788
41.0,-8.861601106892781,56.230492885275865,10.699608370084032,10.537915377609291,11.85677489633182,9.75415503151934,12.699923286578851,9.982337061023042
32.375,-11.8862314650643,57.35466527106927,10.370416542518296,10.927081470780951,12.285159988597632,10.223000576257748,12.953714294605886,10.15872356821441
40.5,-10.387501580422873,56.66839994516243,10.584908826877324,10.726131701026722,11.899560096757522,9.786493153108118,13.115479522000928,10.046518686833265
43.25,-7.500438264942321,57.06444319181048,10.74252889706514,10.686301933063335,11.89517797427174,10.05525622795064,13.40378854119868,10.105497821788342
49.375,-7.345644345147323,56.28017277386854,10.727055670137254,10.877751714233254,12.174849321791712,9.87225785466782,12.806538326303906,10.218880351573958
46.75,-7.0631322037982525,57.28183823255653,10.795986740859002,10.594796681400569,12.466052872527634,9.67226075614952,12.659703265950576,10.247733029177708
44.75,-7.738008551055429,58.09436573531445,10.887288029350758,10.61039961045917,12.731128786992624,10.172095305939086,13.299844622043528,10.384060469715052
42.5,-6.7858656284779935,57.08221950171031,10.813287249141672,10.356701368350542,12.160377484273289,9.819739439274862,12.697597745539554,9.66493055119292
43.0,-7.3079164483195,58.24870515911132,11.014037759352783,10.916716360632934,12.675141833583332,10.07998665307609,13.171026617982578,10.055124513077638
47.625,-7.707950256543363,57.33317945517327,10.55930650504151,10.290213616345342,12.113367154943742,10.006702973871867,13.019456712748225,10.01998074273486
37.625,-8.307339665501594,57.372540360510754,10.839751139377436,10.243003428192068,12.115444956128073,9.89109079880268,13.016180797490811,10.022476636224678
39.375,-5.561366322666954,57.13020530281229,10.706097380675098,10.658860740450097,12.401694028461886,9.673637745959908,12.797691278957087,10.292750646588503
36.625,-6.792307677646178,57.5149651050472,10.761372139955858,10.994463455839668,12.643779950500583,10.147888145228311,13.030477687384408,9.680256135488126
49.625,-8.284932063135678,56.33679349306372,10.805185496733255,10.817539374231163,12.353438023623116,10.010870868319165,13.067168074019287,10.164536633856605
48.875,-9.409920938747211,57.59086785091137,10.761973617489382,11.161854031752078,12.342473546356809,10.007384226344284,13.168054037963998,10.041030412655797
42.5,-11.58509181735564,56.67013390735056,10.852787144428376,10.503773156660513,12.236261459327382,9.792043152524377,12.98789668790168,10.144558601553191
35.75,-10.533116633765315,57.4541793331923,10.9720441683856,10.873548575643731,12.291041797626594,9.96816743894856,13.11245351107123,9.97710744447268
56.125,-7.153186980953825,57.03525516455208,10.877186096542342,10.794393224822052,12.153193370778878,9.649546485416808,13.059764425950013,10.178968518997465
36.25,-8.271083051010299,57.110634048521575,11.02152917567202,10.702993734897346,12.287007630210024,9.978017233715072,12.9016610653236,9.97389879760506
38.5,-8.577420155195169,57.47811170172543,10.930151733394526,10.693769749689045,12.315269008839618,9.55806407325582,12.65718185351343,10.215253245368158
43.375,-9.528836110280215,57.7815600017441,11.0303336260153,10.143992712098823,12.464285550567906,10.049532101539404,12.658082523132968,10.052343174253476
43.875,-8.818185616816203,57.790388371703166,11.19730475604258,11.085980946721424,12.132590071584463,9.498739044156263,13.188029673111084,10.190829809454824
37.25,-9.387355310265338,58.62377256628459,11.207328783329716,10.801700217409216,12.376853665015544,9.853248071516925,12.877704246944065,10.132503726860694
45.0,-10.784019223073877,58.62883865895887,10.93526650801609,10.650510402267145,12.336741040513592,9.54612125435829,12.789998423862542,10.023791749810878
42.125,-8.648036488108696,58.65110183744939,10.596449646332534,10.807423462774796,12.571982593219772,9.498194042184045,13.072331904741311,10.30535591950809
49.125,-8.23752344782895,58.16376360080868,10.91528544837747,10.4426143436234,12.309758973383229,9.386655119183729,13.015169876904428,10.158867589864755
61.875,-8.652480320554503,58.58100123046746,10.790379041076536,10.345599317434306,12.172194741226075,9.612793220087603,13.178444910467835,10.207529345854924
51.125,-9.515924232244824,59.25403327816878,10.81113979002351,10.729559394602264,12.715877942496046,9.29171430893684,12.897967645530576,10.325729337716105
51.375,-10.33948342530283,58.23773762615959,10.847135750956127,10.70687952494366,12.633516007022347,9.884255099159857,13.034766977722247,10.334300326312189
66.125,-8.628248584109198,57.832073117207926,11.03949302390595,10.675546162569436,12.76250114815445,9.566308460775492,12.772088317479016,10.014597858262496
57.875,-7.9712810630647715,58.438187033963054,10.944982014726698,10.328422792260536,12.712168937032704,9.938743129757976,12.737795954528298,10.38300765453808
56.25,-10.0926420084216,59.185854957539206,10.899624210996365,10.140138444550011,12.54443884899186,9.91854294992391,13.06264929151188,10.81025941800252
61.5,-10.475862118198703,58.67888428744583,11.01011433911888,10.427863452447236,11.882110103798194,9.638387021078978,12.856600146831603,9.965915671025195
59.125,-8.225865359489836,58.342353074531694,11.120818374595608,10.489121113878236,12.05285211761413,9.223159552755565,13.20663860262148,10.123596366508911
70.125,-11.352347047535863,59.39121102818581,10.945155497630548,10.537833659238268,12.166269637857686,9.632964484438762,13.19136973515875,10.05529238694431
62.375,-12.876854243876636,58.265026344045474,10.766303531063306,10.798263101489558,12.131036986332244,9.60499036846767,12.850967010661275,9.730892926910672
64.625,-9.76572857845189,58.37131035632655,11.09480364729328,10.487433715060265,11.990027076399569,9.395280648610774,12.95777296988736,10.130737442302602
72.125,-10.284790713203916,58.0319330722179,11.164267160913123,10.225117796752562,12.063415671870402,9.62125612271258,12.884725219367532,10.12850902386801
62.625,-10.183366642648217,58.8733603687075,11.087707489707906,10.89612730111643,12.39514264625948,9.141359925601504,12.678117225456145,10.064869618750413
55.0,-9.823921428883946,59.25154038227168,10.939892574317652,10.337846927847124,12.284308885827164,9.441744615852134,12.73644416277677,9.972067141831682
52.875,-8.640224931680443,58.12103102177992,10.944908038991988,10.424958517926155,12.11773029970696,9.528645247539831,13.182831704852138,10.29951640603899
65.625,-7.7915808352779825,58.17259192393878,10.83127207532904,10.443763695704444,12.058464225311525,9.51838222859604,12.765641155683085,10.335463783068429
54.125,-9.610346100466549,59.07913694194867,10.993232297319796,10.453689461632402,11.95768605286618,9.392413724878004,13.083088729882205,9.82020219810514
60.875,-10.155696346603827,60.50168493262305,10.800585076123053,10.381005645838025,11.849974232873825,9.55480572906534,13.22972126615988,10.215500979257603
53.75,-9.133917733134975,58.85030730695225,10.694970432687088,10.815160705483605,12.239666096528904,9.890630161983283,13.080095496952325,10.157470143785082
47.375,-9.285692718405418,57.47714722132082,11.032037904151895,10.799387295022177,12.215097582985583,9.438698507222846,13.248948907469224,10.472230476567148
64.375,-11.38058312230056,58.64426177557922,11.145683333222143,10.542893856770496,12.033274321183,9.443953980186995,13.492122763386162,10.366677986581216
49.125,-9.44414566742668,58.52923003394739,10.973989664841316,10.49529636466033,12.287200851873342,9.4556896942294,12.622414838991888,9.790866570336249
67.875,-9.572118613088406,58.42579359507884,11.080379977913914,10.593632059192146,11.75974617411512,9.256319447669505,13.126079388048405,10.095624084194286
63.375,-10.012906015801942,60.17538513012427,11.003171408343617,10.524202115742654,11.870755413708022,9.63994605427915,13.29612548378797,9.959557853001671
58.0,-11.307305045825132,59.513736573686536,11.214121623798247,10.472669548527708,12.113470605569711,9.614996680580552,13.286560760712597,9.774032169738325
63.0,-8.336625985244796,58.776198564703,10.636918315600514,10.45867226976153,12.013865384077835,9.439037230668708,12.91332896192962,10.052675439717817
48.25,-8.858063145658448,59.349113511211854,10.758403273548698,10.179005102648505,12.21279177405374,9.384889941069464,12.78005784478107,10.111288144401293
46.625,-9.47272962435637,57.83418687329061,10.916054348532183,10.295271367383572,12.098008524787488,9.621881782774375,12.988897783167884,10.038226689451696
61.375,-8.856935529403357,58.32034604364502,10.91099037348708,10.6769826936313,12.362284322431794,9.394765777289583,12.910106521666089,10.29453493410371
52.625,-10.367888311798232,58.29287226954423,10.792022116932984,10.180659393637868,12.014386469686366,9.35274599900908,12.69521289383857,10.039880762789606
44.75,-11.057574599722056,59.69527154925494,10.927840222939231,10.548633802086908,12.17741084550691,9.384447129616124,12.938734283064232,10.227143695990517
56.75,-8.94146194604534,59.7168352459522,10.769854823651956,10.477653013130698,12.114838766745375,9.20230063048083,13.196774061631622,10.239043703268823
53.5,-8.639892384916404,59.77209744949395,11.178429950348107,10.594020248370065,12.370436140842472,9.481768145644924,12.831082419911052,9.76450127976968
56.875,-7.5155828916472815,59.3694593828398,10.815540513250433,10.596540876883854,12.118295768738598,9.597763383286107,12.87966766394909,9.911340613794131
56.0,-6.967454455561608,59.79144466451316,11.02214021102776,10.085677159941056,12.366071849548783,9.711802302079278,13.021052256457018,9.961952448246858
57.75,-8.53442563242666,59.05067918867029,11.007505035502165,10.757310947017803,11.786116442915509,9.46111797713743,13.323724373731125,10.085916355812106
55.75,-10.480776394160973,59.75375704440657,10.725612017291525,11.041835918169037,12.860321420381664,9.978713720492808,13.135344849714928,10.388996010165975
54.625,-9.657721809129184,58.95130879752601,10.800848158088488,10.656194383521848,12.35759359095531,9.513609947385278,12.655589863646318,9.816619505499249
46.0,-10.787372396390108,59.30172063378597,10.840136060875064,10.67765015315019,12.290513897802343,9.624243513441304,12.747350807124144,9.888117019439823
44.25,-8.629211192288865,58.710505191739614,11.05421988991722,10.669882422711936,12.124531848644471,9.514058618360806,12.959724559355516,9.881137042796531
68.125,-10.350131860735743,58.92248404994638,10.68253928969226,10.76674909446566,12.09383886002583,9.946139509619904,12.743519361656723,9.679720129670129
43.875,-11.493121666641391,59.28967405874658,10.945258353709098,10.294820710017456,12.182954393155084,9.39592080595918,12.89838327255968,9.738593393873398
53.625,-9.517471051780408,58.334168182670986,10.789405340583588,10.74262627545018,12.477629604969536,9.668788053773667,12.96605893504902,10.03989036919346
46.875,-9.090071142579465,58.60310309287363,10.87440593966892,10.51058249010939,12.05866048827442,9.709469344410286,12.957521360638946,9.612490839844911
50.75,-8.717295610706936,59.27109544583583,10.99195730547668,10.625210949004394,12.440518335178778,9.201736378756594,12.812816171245844,10.07531251283248
43.625,-9.16839109286156,59.12755315467394,11.089968910788643,10.630131637804729,12.407493167890348,9.411127748178414,13.065828011346266,10.253194881515316
65.625,-12.553121634034792,58.08578261695123,10.788470443292631,10.541785738659511,12.158916842102474,9.529688807118331,13.131311497581851,10.135926517156808
56.5,-10.841112546440671,59.496836296598055,11.061641261511108,10.553464031103925,12.481593657806656,9.50997494660082,12.650363950403786,9.731925227380271
51.75,-8.177308892550926,58.90985041538861,10.977475243736505,10.567370455693965,12.545528123534892,9.786184300636869,12.886222438907687,9.988434052511842
55.0,-11.175727434686443,58.15287645087539,11.159720842887085,10.078870938388793,12.242368847094353,9.786961750398929,12.96252682418276,10.169567680241206
46.75,-10.202611167210652,57.71818658318162,11.09685385375214,10.600105535046849,12.19453200972556,9.885127709593428,13.110976742023702,10.247023923278412
69.25,-10.134932230367726,59.49705081036239,11.04522502060282,10.80153723166671,12.033835311519908,9.828381571987064,13.295589123688483,10.08404632241568
46.875,-7.700643507253917,59.32455670186762,11.247409581229007,10.478379357030152,11.930864949745574,9.40644221504672,13.269777484456242,10.313880872781304
60.625,-11.538520914101891,59.03421551362315,10.926070735021009,10.626963592785508,12.17857450870478,9.580025618759723,12.92633130415187,10.24119953384291
56.125,-10.45065204695905,58.93236886514961,10.983873490786342,10.313527112441369,12.545684402163426,9.545144399766842,12.338011647890394,10.145164254838209
41.25,-10.358212284975664,56.68392855462102,11.137156654674031,10.419221429943407,11.985751249641416,9.763946778007478,13.01405416913064,10.12450799695564
57.125,-7.960034645856598,57.58651137034427,11.19213284027055,10.89885223486211,11.966631152454182,9.419761755455552,12.99252610380866,10.054404632660844
54.5,-6.962455682287335,58.95894607576175,10.877210029350728,10.772363235104736,12.400145961012743,9.782893643092567,12.96449728784291,10.128381465047712
56.25,-8.34734870999371,56.98670088812204,10.563072896326949,10.607781996770072,12.303413679049353,9.814883288377157,12.936431113823536,10.579951159927754
47.75,-9.838724867494182,57.68104792532654,10.902102971584132,11.031250997492782,11.86160002885149,9.637539389226012,13.12296349068485,10.493711605551384
67.375,-7.455412468886803,58.04290217253342,11.033568615959249,10.63100706696091,12.37763617945979,9.6840939991284,12.777851497963184,10.125502267655662
51.875,-8.419185448544843,59.28448308302429,11.29233857656254,10.246367127154327,12.212383694424952,9.402120583754234,12.89775314154192,10.129339156288893
56.5,-8.530456546837351,58.23574452176874,10.99147817073701,10.462174379214602,12.20361165453656,9.601709543220927,12.625243520484338,9.975891143793318
48.75,-8.479717516755734,57.69603967428896,10.900815730804023,10.556657030104658,12.347669255574916,9.496925234486111,12.902098566243772,10.174157247870909
57.75,-9.509706279655276,58.84536412152065,11.494482084158196,10.627323621842608,12.043941458605824,9.365174489122522,13.310674423601014,10.014539755497234
62.5,-8.806335740523243,58.75441946001814,10.962037757363657,10.591750202558842,12.230853400461973,9.33984887321046,13.056649894140625,10.204685862165718
54.75,-7.483900162533927,59.35675788499841,11.340107684607938,10.721688370507472,12.362071389126244,9.732256750414088,12.825141785243224,10.037034404101409
62.625,-9.077810042760213,60.36829648573436,11.653628730685872,10.579985386862294,12.329398948015903,9.574582227282203,12.955791965772336,10.307238527664191
55.5,-7.78754338768647,58.65246364673437,12.031826530103483,10.38350738026364,12.177165746794376,9.449989315576524,13.102371717753885,10.656442473300345
44.25,-8.012032757713564,58.986586667354686,10.95388709489805,10.51900756339469,12.21974761040386,9.565232328407568,12.62672714530808,10.44852082761936
35.375,-8.60891005157515,58.684010328660285,11.977366147252315,10.442919970689266,12.820476742113412,9.342875954363793,12.806167614973166,10.23733089753241
43.375,-5.992479211510042,58.143588345319245,11.662225142877212,10.76833756848457,12.737002820855055,9.617717193023337,13.544076612048254,10.97155941123281
42.875,-8.435507174230867,60.23173382906893,11.771382880360054,11.02215036824285,13.039014543499166,9.76690489055551,13.115520941841975,10.211286701454592
62.125,-8.293269264467169,60.78963396684024,11.291386202848283,10.620222542191,12.603756068880724,9.712475673983851,12.72990186789528,10.097078860278758
41.875,-7.36232787578017,61.36177741439876,11.250170180150834,10.547460970789976,12.640166397935134,9.414093893576675,12.49579179155674,10.002101483580091
38.25,-8.024876281935514,59.64212427699501,11.38512239904164,10.425030144534135,12.400429595449806,9.24306400448724,12.88153599153656,10.22582629434663
42.25,-7.688708288981043,59.4139953061972,11.17471143017918,10.685145498658756,12.35626663723531,9.702059288143117,13.069341343997884,10.28043263751167
48.875,-8.600090569790396,60.57667295002011,11.358639762375926,10.885124144311009,12.78513261957518,9.50357108079397,13.014260907272185,10.043847905423476
56.625,-9.478475810416253,59.10695715516864,11.490633047703655,10.683760632707637,12.18024793613102,9.587822207315051,12.982651557693751,9.816866317974547
50.25,-7.065080770150447,59.59266166406066,11.115783187010855,10.754333953372004,12.954852488022908,9.639645190528896,12.817307238491214,10.200874112460935
58.125,-7.643958206388236,60.51694017203909,11.383666266626127,10.884348592872437,13.060403919678055,9.674128142117649,12.929473841550784,10.115979844777849
70.625,-11.262983897652148,58.69642856122747,11.21175567508105,10.7621182126695,12.58867903560743,9.160988674503177,13.083065258211915,9.7895290147374
67.875,-8.056329459218945,57.61526808994336,11.260992886843251,10.84129228159036,12.876092075784442,9.599308201235596,12.989733505099933,10.289960070613454
66.75,-9.736126699065563,59.95145613569633,11.529182211225192,10.88464538387345,12.98829760344292,9.579494896587436,13.25450751118418,10.162927009448447
84.875,-8.068310025261031,58.58814661483317,11.178021773713846,10.562464578655945,12.863251079851503,9.635688793453864,12.907968471937131,10.205205988890205
72.75,-9.029596556939085,59.97000388208159,11.162426788891926,10.80675220441288,12.585058395508277,9.505808562411444,13.21922205512149,10.350858387835787
73.25,-10.657304599778126,58.35624672807942,11.401072327986242,10.62632450130458,12.99490845662372,9.919083197111918,13.348611877902062,10.373284038662254
87.125,-10.194152687886149,58.50146300539933,11.419198694700547,10.925434018627731,13.469322458643452,9.993473852352848,13.401925029599312,10.525632032557368
87.625,-9.726361848453704,58.67819511461381,11.429898935092828,10.84951509518897,12.56840293084883,9.72817430259654,13.357102966483213,10.207171386126983
90.125,-9.671762269997648,59.07792624352845,11.57780316288027,10.877264417399404,12.63880815761239,9.924851211898291,13.65488852616711,10.276267181719527
82.375,-9.387668883202076,58.88775988493647,11.480357365513957,10.30337142393605,12.323094565602076,9.640678917270558,13.76893649667059,10.440433352175432
88.625,-10.445390973639814,57.70810096456232,11.564045492408608,10.648638659372518,13.022466409193642,9.415011507588911,13.538727106437172,10.6737496884503
103.75,-9.30115419722023,58.11935132656638,12.11170601638453,10.608975400763033,11.92519541114972,9.862875345508485,14.118705648441344,10.223605080555176
88.0,-8.399941074090048,57.93421835474656,11.609107835044362,10.644929115051369,12.750184953904355,10.130295591196823,13.240442451921862,9.979203564784513
89.0,-10.632161588667842,58.22696577540594,11.76518318247863,10.482214423093854,12.587118021838467,10.021137705134684,13.09193272671552,9.933869984175068
89.75,-10.036741277797436,57.96643784210399,11.8428976192066,10.508142586763697,12.645143327814196,9.69509746590196,13.567260712896063,10.459295256779624
80.625,-7.454215572639387,58.563193649196286,11.450521008306753,10.800598313219805,13.197427251025196,9.958586239524664,13.338100587109842,10.183340232056098
83.5,-11.548149302218311,58.26766007157728,11.77364802784806,11.03185415648674,13.5378561264801,9.643664015519846,13.11265216909165,10.618814073757353
96.625,-11.14380913456601,58.275107669833176,11.61127134842642,10.773835094203898,12.909110638469969,9.705345484320532,13.542330026093897,10.504783701362182
78.625,-11.33905912000748,58.57418993313353,11.660168308502916,10.406662730499402,12.75694143034416,9.86893022574347,13.404934129464843,10.209286015653888
88.875,-11.163086744743447,59.12609868852831,11.970146687571116,10.46156518385188,12.641462537867582,9.801467712694691,14.16915622242151,10.26622295683912
80.625,-11.221520031668692,58.60869646468149,11.484409423327682,10.920674406991576,13.125579131645267,10.06959060341202,13.500362321057835,10.52990264307917
87.625,-12.400008663073129,57.72292316027389,11.308484123333864,10.546255962323952,12.911725759064668,10.405811167938802,13.122241348271238,10.154198078722509
93.125,-11.31235574788215,58.08662920801405,11.501706996516672,10.657966851780264,12.92617849222048,9.849683329918754,13.30711543963848,10.620845248059515
93.0,-12.08705337083462,58.89526638144765,11.738516465949385,10.889439493930572,12.849352005033186,9.965112592264791,13.242746353839305,10.22351236065285
97.75,-9.814311603908978,59.08854377263896,11.932789298605506,10.574737504805125,12.793330475804934,9.9048458484532,13.62680025839568,10.528397369009776
87.5,-9.593960919631783,58.916174936387456,11.659786148812836,10.289143843398548,12.465989203013727,9.676463650965808,13.27763481688834,10.438413118089091
94.375,-9.965323340724344,58.98498000846453,11.609463595654828,10.753940348602171,12.254467613008629,9.710532010328404,13.657886757102908,10.211294356803265
97.375,-11.739461022332437,58.82385241061562,11.574417457235814,10.74252732883686,12.39509410020173,9.720042193386467,13.72060526368712,10.453930172445276
88.0,-12.569261954810216,58.68191663110698,11.504359970951114,10.973609585902562,12.666787556661758,9.587210706976249,13.133871038826632,10.157217951580638
94.0,-10.17166570622141,58.65657703423595,11.41522560994281,10.802760768833084,12.974305770859742,10.13770294501557,13.223938943631172,10.239166363857915
92.75,-10.930288615117108,58.57451330579475,11.581110910832813,10.68012693749342,12.67951683396952,10.014595626236828,13.866372539410929,10.212493578942691
93.625,-11.128838232131177,58.561704742977845,11.560199161342636,10.779271045776428,13.188060755756418,9.797545663725302,13.581607260640212,10.560509928992447
91.875,-11.248817497171972,59.434975488525765,11.554478075490833,10.708894074166087,12.664976116625324,9.436810916349518,13.299089285415524,10.105608978671532
88.125,-11.114539470255412,58.38274804716388,11.671789084652932,10.738123479451984,12.709460709452117,9.409701416797494,13.831575180503606,10.384866038477224
89.375,-10.43336912374279,58.377151628348834,11.50639905591006,10.848927402976146,12.717338580943064,9.90374353724077,13.95409627899796,10.505701122055807
103.875,-9.479795904613107,58.55159258106926,11.300487942413216,11.04068692222876,12.914348189236238,9.630993521314544,13.450469815438131,10.576070573560518
71.375,-11.49533906444707,58.19228661278547,11.289512891351908,11.112292431666022,12.877005760884504,9.571842399045863,13.350138185657704,10.175326754171822
92.875,-13.14341396407871,59.44164753155092,11.561121329128031,11.215366553912942,12.810166809829166,10.004022318498771,13.532503611799546,10.385889380503064
104.5,-12.113969143372207,60.00800038555253,11.66807772173509,11.162384370758817,13.40359430048838,9.833732882888084,13.43122257002964,10.55979082991209
98.875,-11.956091805509743,59.17556335243946,11.86359379852788,11.047615231159387,12.851267392804433,9.794833414587512,13.54687696312572,10.412652104013242
101.0,-8.884244922456459,58.4478299464755,11.477475678399546,11.1588863938486,13.2924774864474,9.8468203250531,13.339223195817322,10.407911089914
85.125,-11.851400484433649,60.35997534491428,11.552626489220136,11.08370432813669,13.072288841040216,9.965682098651682,13.777759273959775,10.601434613391756
91.25,-12.119573197474878,59.661511588796685,11.597365721872848,11.20009313233599,12.883369983368624,9.718822853461347,13.502113074323283,10.178546516148042
98.875,-8.345822144386815,58.44438293213671,11.781986987464787,10.775672032663858,13.128988403307284,10.251169404017762,14.089288603456,10.53725591133615
93.5,-8.915900241054091,59.12032423896175,11.444375682376153,11.026296587804586,13.131039642217964,9.877800861724069,13.419167108084606,10.493600063251291
85.375,-10.881070704346888,60.2360517545156,11.425133411100552,10.90216118320563,12.837024883637133,9.921589828076105,13.412016796297983,10.366428123484454
87.125,-10.836169489427666,59.63761943028898,11.679116303677503,10.949481088490204,13.058598362510974,9.946769625586144,13.578661756010176,10.212052527372128
92.75,-11.592780778288418,59.452334417945,11.322820425713967,10.748011897744316,12.86928107869488,9.698736225498896,13.567905444276777,10.224031847505074
91.25,-11.061649627465748,59.605785437488265,11.643935099038249,10.758384832778416,13.136376897094172,10.01178852488758,13.739790685029304,10.438670323551472
87.875,-6.4072518947464,59.82644286176706,11.358648871989349,10.735830391767925,12.639795016442472,9.745999351523992,13.513346247595267,10.267646538961436
79.5,-11.46718467345638,58.558564534636986,11.264891919870417,10.579709568636204,12.69661020440062,9.74557830606598,13.25378149642552,10.069057086437574
78.875,-7.909000943259987,59.87571253554313,11.242297043589849,10.668785984759106,12.53519335104408,10.343254563481173,13.549301581758195,9.99353445448302
77.75,-9.820112493636078,60.32744727957752,11.875783989433536,10.986747283031084,13.458831345658083,10.7270362638266,13.548731782522037,10.080966264268747
99.125,-10.584643400436748,59.38287579051309,11.227168841218049,10.545638815022782,12.75668109702274,10.604250403425,13.636891826626536,10.269640988566357
80.125,-12.21840202456473,59.52574488860946,11.659079643297217,10.515798071879097,12.930076404901708,9.94770996182442,13.444737833863792,10.537555769433286
87.125,-10.404700134940724,58.489272158888994,11.518141507261875,10.413990225367366,12.828371321658985,10.446252470803802,13.628038996132627,10.400260072533456
94.5,-7.99838865396387,57.74172897040021,11.556325363920276,10.467395835153226,12.98499897469903,10.402927774479444,13.288711422078824,10.391619656068928
88.125,-11.252228037407702,59.16487378423137,11.784033619249747,10.438881966723551,12.282098809274748,9.891224335106743,13.888517942774149,10.299454242265169
72.0,-8.975987705307777,58.88282048497723,11.521177540787134,10.943849775780269,12.537471284435371,10.121542348778602,13.896192048010729,10.142799635818792
83.25,-10.207110051870163,58.14508798501314,11.904734143661289,10.463765314429232,12.675824944233646,10.161635548325062,13.225885255266508,10.160815039812531
92.75,-6.954056519726074,58.56236861766033,11.241755516568045,10.640388189293745,12.800221954484629,9.737835546029492,13.0314894716541,10.147559009377762
86.375,-8.67845842064194,57.79806851276008,11.409239312506855,10.684637454034844,12.82177051842044,9.779766259399915,13.002046241739624,10.034306095931615
94.25,-8.14153985905272,57.99735887530837,11.408788759146224,10.74196549013049,13.129766638078594,10.265442025331822,13.377396324752237,10.467087144145871
87.25,-8.585074505217184,58.95359050490966,11.677023550245206,10.520575867645386,12.68346816753342,10.109739069352964,13.226014581884748,10.421751020876547
100.0,-10.909732821822455,59.68146753162324,11.786089917182972,10.64210717493911,12.937383546877957,10.519776553177662,13.650978775660809,10.456297003114974
99.0,-11.237992624911609,58.77220490904551,11.588852593497077,10.52838577196248,12.820375352157468,10.194652988427649,13.763371437561275,10.287697851858406
93.375,-9.150542494061243,59.163130680975605,11.43403864212774,10.68108193671096,13.182652040818772,9.985953207900485,13.237126263836249,10.468755488240134
87.875,-7.505230520524079,60.78776944853558,11.803412678555324,10.426059012452187,12.567501270366336,10.129267207622556,13.3584082538905,10.28010789327896
92.75,-10.060093571117765,58.98854403041536,11.572331755780112,10.8353980366027,12.417277654908917,10.102451236160247,13.380631955234977,10.39829641989492
83.625,-9.516237631795905,59.66533352152648,11.947540399595368,10.509910088216692,12.679089868778847,10.145014360933112,13.446916574012644,10.026221892661534
88.5,-11.023478637400965,59.41554746793909,11.78167222021837,10.673875342316917,12.240897973899044,9.841721323474532,13.687030681723058,10.24434991692725
87.5,-8.359518928934168,58.38613200065596,11.768085049397884,10.533554086724724,12.63526742382193,9.79748850488572,13.588362869912348,10.637297885768923
106.125,-9.946449698897611,59.33045199254552,11.797616510514954,10.798601779640489,12.645866101746808,9.794603148328031,13.62615221911145,10.439277996038868
92.125,-9.516785361958792,57.94270388518069,11.959788012732488,10.721150654532064,12.699644609952896,9.79711668467036,13.56534363304591,10.439810858191631
103.875,-9.85719646063147,58.73629895288822,11.68422605470062,10.853070365651789,12.459134459023682,9.834732231973414,13.730684882084905,10.190714946687836
87.125,-8.919556122415205,58.63852121686576,11.992257998955989,10.645491957001504,12.647447607427036,9.651076899480914,13.56847327233951,10.201688341233384
105.875,-9.498994497971935,59.24513061293382,11.68274452133718,10.3977537143644,12.159609368159964,9.58409677912413,13.231135804163102,10.241078427546856
90.0,-10.150708630938432,59.66016049271028,11.495613410760516,10.6594695496979,12.27981183436866,9.91083666170754,13.379236435271691,10.025550234895046
94.875,-13.019314965119692,58.75546344176054,11.779120442455906,10.832251722498572,12.022668096297132,10.20809860544278,13.838278700099654,10.15902551701853
87.625,-9.746268782688116,58.8942390388679,12.040735228709606,10.502346259860598,12.768126462903655,10.049015203744911,13.927918542680343,10.374847975864052
108.625,-10.290953918503876,59.275557279285856,11.53392333964318,10.783082105022704,12.32036336409326,9.544806508831604,13.636790950160565,10.128861366680182
83.0,-7.770797741574,58.30360741733506,12.102117243048871,10.518851301887226,12.468831969331925,10.08876110565582,13.956534376471128,11.411848773746431
79.875,-9.218621694704684,58.52183110179753,11.670130704564732,10.803989193202494,12.527187257607704,9.483806993043167,13.780918095014584,10.558962011854042
91.625,-9.595871123555828,58.2966660035069,11.631866791074584,10.726721940441054,12.397903004639804,9.320019391368936,13.948627321532983,10.819295156513812
90.75,-10.985651180983048,57.7242799816003,11.38434933750328,10.831387572661985,13.047009003659984,9.43610482178181,13.435968274421423,11.097572508256093
96.0,-11.290608375742034,57.7781886003309,12.026652364042771,10.970862007981394,12.836463001428504,9.699909498891875,13.991143736977056,10.514160120181083
101.0,-11.980352153054133,60.223451892732925,12.006810720614336,10.811831934919455,12.62271295418526,9.958537373150149,13.450146545469917,10.45624990878381
90.0,-11.39390033752322,59.22852695366475,11.542529145820131,11.21057289242794,12.706816324194342,9.840450948718296,13.195815492343604,10.167639034028817
94.875,-10.464234277642795,58.81715136640117,11.803404555907422,11.043824584671556,12.712091673541655,9.912750610228464,13.6783405391761,10.289204285168273
